"revenue_bucket","avg_salary","n"
"Mega","125.7260726072607261","303"
"Large","126.7471910112359551","89"
"Mid","124.0398230088495575","113"
"Small","118.0239520958083832","167"
