"job_title_short","top_quartile_max","bottom_quartile_min","pay_gap"
"Data Scientist","271.5000000000000000","43.5000000000000000","228.0000000000000000"
"Senior Data Scientist","271.5000000000000000","76.5000000000000000","195.0000000000000000"
"Data Analyst","185.0000000000000000","43.5000000000000000","141.5000000000000000"
"Machine Learning Engineer","164.5000000000000000","76.5000000000000000","88.0000000000000000"
"Data Engineer","164.5000000000000000","76.5000000000000000","88.0000000000000000"
"Senior Data Analyst","164.5000000000000000","76.5000000000000000","88.0000000000000000"
